id,popularity,revenue,status,vote_average,vote_count,trend_day
653349,48.521,0,Released,6.3,6,2021-08-27
666243,247.572,0,Released,7.7,130,2021-08-27
347626,92.207,0,Released,6.8,16,2021-08-27
579047,1011.51,5000000,Released,7.4,305,2021-08-27
645788,68.297,2935000,Released,6.8,19,2021-08-27
752505,28.424,0,Released,8.1,48,2021-08-27
619297,812.706,0,Released,6.8,268,2021-08-27
436969,4013.503,140771711,Released,8.0,2990,2021-08-27
568620,362.52,31231196,Released,7.2,323,2021-08-27
592863,37.306,15682605,Released,7.0,16,2021-08-27
595743,26.633,0,Released,6.8,6,2021-08-27
385128,1610.64,696409435,Released,7.6,3121,2021-08-27
634649,329.472,0,Post Production,0.0,0,2021-08-27
559907,154.016,16305546,Released,7.1,195,2021-08-27
616651,280.372,15144751,Released,7.1,104,2021-08-27
550988,1700.206,117293659,Released,7.8,403,2021-08-27
716594,12.149,0,Released,6.7,7,2021-08-27
675445,3574.462,39180335,Released,7.8,177,2021-08-27
337404,846.647,222042571,Released,8.4,4900,2021-08-27
565028,208.386,0,Released,6.4,15,2021-08-27
653349,67.929,0,Released,7.5,15,2021-08-28
347626,129.09,0,Released,6.5,46,2021-08-28
645788,95.616,4198920,Released,6.7,30,2021-08-28
666243,253.416,0,Released,7.6,150,2021-08-28
595743,37.286,0,Released,6.1,16,2021-08-28
579047,817.11,5000000,Released,7.4,324,2021-08-28
592863,52.228,15682605,Released,7.3,18,2021-08-28
752505,39.794,0,Released,8.0,68,2021-08-28
436969,3571.581,140771711,Released,8.0,3032,2021-08-28
619297,1137.788,0,Released,6.8,276,2021-08-28
716594,17.009,0,Released,6.9,8,2021-08-28
568620,348.086,31231196,Released,7.2,333,2021-08-28
675445,3277.208,39180335,Released,7.9,202,2021-08-28
385128,1545.016,696409435,Released,7.6,3144,2021-08-28
634649,461.261,0,Post Production,0.0,0,2021-08-28
559907,153.028,16305546,Released,7.1,206,2021-08-28
550988,1651.486,117293659,Released,7.8,420,2021-08-28
337404,861.546,222042571,Released,8.4,4938,2021-08-28
616651,392.521,15144751,Released,7.2,122,2021-08-28
497698,1789.177,369811043,Released,7.8,4517,2021-08-28
653349,95.101,0,Released,7.5,47,2021-08-29
645788,133.862,4198920,Released,7.0,45,2021-08-29
347626,180.726,0,Released,7.1,105,2021-08-29
595743,52.2,0,Released,6.3,33,2021-08-29
666243,257.326,0,Released,7.7,177,2021-08-29
579047,767.693,5000000,Released,7.4,352,2021-08-29
752505,55.712,0,Released,8.0,85,2021-08-29
592863,73.119,15682605,Released,7.0,22,2021-08-29
436969,3865.874,140771711,Released,8.0,3123,2021-08-29
619297,1592.903,0,Released,6.8,302,2021-08-29
385128,1662.768,696409435,Released,7.6,3184,2021-08-29
716594,23.813,0,Released,7.3,10,2021-08-29
568620,386.957,31231196,Released,7.2,348,2021-08-29
675445,3399.97,46000000,Released,8.0,230,2021-08-29
559907,165.61,16305546,Released,7.1,222,2021-08-29
616651,549.529,15144751,Released,7.2,133,2021-08-29
566525,384.882,0,Released,8.5,2,2021-08-29
565028,301.31,15930000,Released,6.0,37,2021-08-29
550988,1737.917,117293659,Released,7.8,437,2021-08-29
497698,1965.431,369811043,Released,7.8,4552,2021-08-29
653349,133.141,0,Released,7.6,79,2021-08-30
645788,187.407,5848920,Released,7.2,63,2021-08-30
347626,253.016,0,Released,6.9,174,2021-08-30
595743,73.08,0,Released,6.3,48,2021-08-30
436969,4471.851,144879000,Released,8.0,3188,2021-08-30
579047,773.71,7291702,Released,7.4,395,2021-08-30
666243,240.222,0,Released,7.7,195,2021-08-30
566525,446.516,0,Released,7.9,6,2021-08-30
592863,94.122,23000000,Released,7.0,24,2021-08-30
385128,2031.374,704238175,Released,7.6,3236,2021-08-30
634649,748.243,0,Post Production,0.0,0,2021-08-30
565028,367.662,27600000,Released,6.1,48,2021-08-30
675445,3421.191,61881280,Released,8.1,276,2021-08-30
619297,2230.064,0,Released,7.0,337,2021-08-30
568620,405.226,36964325,Released,7.2,364,2021-08-30
752505,77.997,0,Released,8.0,98,2021-08-30
559907,163.729,18192220,Released,7.1,233,2021-08-30
497698,2329.063,369811043,Released,7.8,4601,2021-08-30
616651,769.341,15144751,Released,7.2,147,2021-08-30
716594,33.338,0,Released,7.3,10,2021-08-30
653349,186.397,0,Released,7.6,86,2021-08-31
645788,241.255,5848920,Released,7.1,73,2021-08-31
347626,354.222,0,Released,6.9,216,2021-08-31
841755,68.072,0,Released,0.0,0,2021-08-31
595743,102.312,0,Released,6.3,56,2021-08-31
566525,478.865,0,Released,7.9,6,2021-08-31
385128,1637.843,704238175,Released,7.6,3259,2021-08-31
436969,3692.281,144879000,Released,8.0,3219,2021-08-31
579047,583.821,7291702,Released,7.3,405,2021-08-31
666243,174.824,0,Released,7.8,206,2021-08-31
625169,19.065,0,Released,6.5,6,2021-08-31
619297,3122.09,0,Released,7.0,349,2021-08-31
565028,317.515,27600000,Released,6.1,55,2021-08-31
592863,77.907,23000000,Released,6.9,27,2021-08-31
634649,735.266,0,Post Production,0.0,0,2021-08-31
568620,334.004,36964325,Released,7.2,369,2021-08-31
559907,136.028,18192220,Released,7.0,243,2021-08-31
675445,2750.783,61881280,Released,8.1,292,2021-08-31
550988,1583.419,179000000,Released,7.8,485,2021-08-31
497698,1900.35,369811043,Released,7.8,4622,2021-08-31
841755,95.301,0,Released,6.3,5,2021-09-01
645788,290.152,5848920,Released,7.0,80,2021-09-01
653349,260.956,0,Released,7.6,106,2021-09-01
566525,670.411,0,Released,8.0,11,2021-09-01
625169,26.691,3615193,Released,7.4,9,2021-09-01
385128,1334.152,704238175,Released,7.6,3281,2021-09-01
347626,495.911,0,Released,7.0,246,2021-09-01
436969,3152.029,155379000,Released,8.0,3255,2021-09-01
595743,143.237,0,Released,6.3,58,2021-09-01
666243,150.956,0,Released,7.8,217,2021-09-01
565028,278.891,27297750,Released,6.2,62,2021-09-01
579047,476.717,10914000,Released,7.3,423,2021-09-01
497698,1822.837,369811043,Released,7.8,4645,2021-09-01
619297,3007.005,0,Released,7.0,371,2021-09-01
581726,1411.278,0,Released,7.5,907,2021-09-01
451048,2863.974,186992318,Released,7.9,2253,2021-09-01
592863,66.776,23087609,Released,7.0,31,2021-09-01
675445,2371.734,61912621,Released,8.1,300,2021-09-01
550988,1514.958,179218086,Released,7.8,503,2021-09-01
568620,293.909,36964325,Released,7.2,375,2021-09-01
841755,133.421,0,Released,8.0,20,2021-09-02
566525,926.081,0,Released,7.8,65,2021-09-02
385128,1325.124,704238175,Released,7.6,3297,2021-09-02
645788,267.014,5848920,Released,6.9,96,2021-09-02
625169,37.367,3615193,Released,7.8,12,2021-09-02
653349,365.338,0,Released,7.5,120,2021-09-02
436969,2994.676,155379000,Released,8.0,3301,2021-09-02
347626,694.275,0,Released,7.1,275,2021-09-02
785457,38.637,0,Released,9.0,2,2021-09-02
595743,200.532,0,Released,6.2,66,2021-09-02
744275,633.934,0,Released,9.0,49,2021-09-02
565028,246.947,27297750,Released,6.3,70,2021-09-02
497698,1897.505,369811043,Released,7.8,4667,2021-09-02
579047,424.249,10914000,Released,7.3,441,2021-09-02
550988,1639.998,179218086,Released,7.8,516,2021-09-02
666243,142.768,0,Released,7.8,222,2021-09-02
581726,1309.865,0,Released,7.5,920,2021-09-02
451048,2553.418,186992318,Released,7.9,2276,2021-09-02
592863,55.271,23087609,Released,7.0,34,2021-09-02
619297,2491.103,0,Released,6.9,394,2021-09-02
593910,314.538,0,Released,5.8,10,2021-09-03
482373,865.134,35305880,Released,7.3,113,2021-09-03
566525,1296.513,0,Released,7.9,118,2021-09-03
785457,54.092,0,Released,7.2,20,2021-09-03
436969,2889.059,155379000,Released,8.0,3336,2021-09-03
841755,186.789,0,Released,8.0,36,2021-09-03
385128,1265.897,704238175,Released,7.6,3310,2021-09-03
625169,52.314,3615193,Released,7.4,16,2021-09-03
645788,168.604,5848920,Released,6.9,104,2021-09-03
653349,511.473,0,Released,7.5,131,2021-09-03
744275,887.508,0,Released,9.0,74,2021-09-03
497698,1816.8,369811043,Released,7.8,4687,2021-09-03
347626,971.985,0,Released,7.1,300,2021-09-03
595743,280.745,0,Released,6.1,72,2021-09-03
649394,15.775,0,Released,6.0,1,2021-09-03
550988,1450.767,179218086,Released,7.8,529,2021-09-03
451048,2321.571,186992318,Released,7.9,2307,2021-09-03
666243,114.421,0,Released,7.8,230,2021-09-03
565028,220.286,27297750,Released,6.4,76,2021-09-03
579047,362.889,10914000,Released,7.2,451,2021-09-03
593910,440.353,0,Released,6.6,126,2021-09-04
482373,1211.188,35305880,Released,7.4,175,2021-09-04
566525,1815.118,8800000,Released,7.9,197,2021-09-04
436969,2878.154,155379000,Released,8.0,3382,2021-09-04
785457,75.729,0,Released,7.1,51,2021-09-04
649394,22.085,0,Released,6.8,4,2021-09-04
841755,261.505,0,Released,8.3,44,2021-09-04
385128,1200.904,704238175,Released,7.6,3338,2021-09-04
625169,73.24,3615193,Released,7.6,18,2021-09-04
645788,142.115,5848920,Released,6.9,111,2021-09-04
744275,1242.511,0,Released,8.7,109,2021-09-04
653349,716.062,0,Released,7.6,142,2021-09-04
497698,1753.338,369811043,Released,7.8,4712,2021-09-04
675319,47.937,0,Released,6.0,3,2021-09-04
661595,15.273,0,Released,6.0,6,2021-09-04
300669,258.887,159047649,Released,7.0,5462,2021-09-04
550988,1367.248,182630056,Released,7.8,543,2021-09-04
347626,1004.944,0,Released,7.2,322,2021-09-04
579047,321.207,10914000,Released,7.2,461,2021-09-04
595743,393.043,0,Released,6.0,81,2021-09-04
482373,1695.663,35305880,Released,7.6,228,2021-09-05
593910,616.494,0,Released,6.9,214,2021-09-05
566525,2541.165,53000000,Released,8.0,274,2021-09-05
436969,3184.405,155379000,Released,8.0,3432,2021-09-05
785457,106.021,0,Released,7.1,65,2021-09-05
649394,30.919,0,Released,6.6,13,2021-09-05
385128,1387.804,704238175,Released,7.6,3377,2021-09-05
841755,366.107,0,Released,8.4,54,2021-09-05
744275,1739.515,0,Released,8.9,155,2021-09-05
497698,1989.164,369811043,Released,7.8,4735,2021-09-05
625169,102.536,3615193,Released,8.0,23,2021-09-05
300669,362.442,159047649,Released,7.0,5467,2021-09-05
653349,1002.487,0,Released,7.6,150,2021-09-05
645788,125.672,5848920,Released,6.9,116,2021-09-05
675319,67.112,0,Released,5.0,4,2021-09-05
661595,21.382,0,Released,6.0,6,2021-09-05
579047,404.436,10914000,Released,7.2,472,2021-09-05
451048,2503.522,186992318,Released,7.9,2357,2021-09-05
568620,320.415,36964325,Released,7.1,397,2021-09-05
550988,1715.589,182630056,Released,7.8,550,2021-09-05
482373,2373.928,37000009,Released,7.7,284,2021-09-06
593910,863.092,0,Released,6.8,275,2021-09-06
566525,3557.631,139700000,Released,8.0,346,2021-09-06
436969,3473.331,155379000,Released,8.0,3487,2021-09-06
385128,1653.145,704238175,Released,7.5,3415,2021-09-06
785457,148.429,0,Released,7.2,88,2021-09-06
649394,43.287,0,Released,7.1,20,2021-09-06
841755,512.55,0,Released,8.3,64,2021-09-06
744275,1772.505,0,Released,8.7,175,2021-09-06
497698,2310.483,369811043,Released,7.8,4757,2021-09-06
300669,507.419,159047649,Released,7.0,5480,2021-09-06
625169,143.55,3615193,Released,8.0,23,2021-09-06
645788,130.695,5848920,Released,6.9,123,2021-09-06
653349,1403.482,0,Released,7.6,167,2021-09-06
675319,84.829,0,Released,5.9,9,2021-09-06
661595,29.935,0,Released,7.2,12,2021-09-06
550988,2070.861,182630056,Released,7.8,562,2021-09-06
451048,3034.948,186992318,Released,7.9,2385,2021-09-06
568620,320.17,36964325,Released,7.1,401,2021-09-06
579047,429.159,10914000,Released,7.2,492,2021-09-06
482373,3323.499,37000009,Released,7.7,325,2021-09-07
593910,1208.329,0,Released,6.9,333,2021-09-07
566525,3909.563,146200000,Released,8.0,411,2021-09-07
436969,3075.608,155379000,Released,8.0,3529,2021-09-07
385128,1372.77,704238175,Released,7.5,3439,2021-09-07
785457,207.801,0,Released,7.2,102,2021-09-07
649394,60.602,0,Released,7.3,25,2021-09-07
497698,2009.325,369811043,Released,7.8,4793,2021-09-07
744275,1700.339,9200000,Released,8.7,180,2021-09-07
841755,717.57,0,Released,8.3,68,2021-09-07
300669,506.721,159047649,Released,7.0,5490,2021-09-07
645788,106.293,5848920,Released,6.8,131,2021-09-07
653349,1194.578,0,Released,7.5,174,2021-09-07
451048,2490.25,186992318,Released,7.9,2407,2021-09-07
550988,1685.525,182630056,Released,7.8,569,2021-09-07
675319,113.305,0,Released,5.9,11,2021-09-07
661595,41.909,0,Released,6.6,17,2021-09-07
625169,200.97,3615193,Released,8.0,25,2021-09-07
568620,353.276,36964325,Released,7.1,409,2021-09-07
438631,172.559,0,Released,0.0,0,2021-09-07
585216,163.261,31051732,Released,6.7,104,2021-09-08
482373,3850.271,37000009,Released,7.7,364,2021-09-08
566525,3513.96,150872848,Released,8.0,456,2021-09-08
593910,1691.661,0,Released,6.9,373,2021-09-08
497698,1737.597,370037090,Released,7.8,4813,2021-09-08
436969,2684.789,162000000,Released,8.0,3565,2021-09-08
385128,1203.491,704238175,Released,7.5,3458,2021-09-08
649394,84.843,0,Released,7.2,33,2021-09-08
744275,1496.173,9200000,Released,8.7,185,2021-09-08
785457,290.921,0,Released,7.1,114,2021-09-08
841755,1004.598,0,Released,8.3,77,2021-09-08
619778,244.497,2400000,Released,6.3,46,2021-09-08
550988,1322.151,241811214,Released,7.7,577,2021-09-08
726916,23.874,0,Released,0.0,1,2021-09-08
300669,428.366,159047649,Released,7.0,5500,2021-09-08
438631,155.88,0,Released,2.0,1,2021-09-08
585216,228.565,44888959,Released,6.7,120,2021-09-09
482373,3581.263,37000009,Released,7.7,395,2021-09-09
497698,1671.533,370037090,Released,7.8,4833,2021-09-09
566525,3228.037,150872848,Released,8.0,502,2021-09-09
593910,2284.467,0,Released,6.9,397,2021-09-09
436969,2535.755,162000000,Released,8.0,3583,2021-09-09
726916,33.424,0,Released,6.7,3,2021-09-09
385128,1137.17,704238175,Released,7.5,3480,2021-09-09
744275,1394.667,9200000,Released,8.6,187,2021-09-09
619778,276.098,2400000,Released,6.4,56,2021-09-09
649394,118.78,0,Released,7.3,38,2021-09-09
624860,49.508,0,Post Production,0.0,0,2021-09-09
785457,407.289,0,Released,7.1,122,2021-09-09
550988,1168.371,241811214,Released,7.7,585,2021-09-09
438631,145.994,0,Released,5.8,3,2021-09-09
841755,1406.437,0,Released,8.2,82,2021-09-09
664236,37.726,0,Released,6.5,4,2021-09-09
579047,271.578,10914000,Released,7.2,521,2021-09-09
522681,136.052,155313078,Released,6.5,3235,2021-09-09
451048,1931.33,186992318,Released,7.9,2444,2021-09-09
585216,319.991,44888959,Released,6.9,152,2021-09-10
597891,79.314,0,Released,5.4,5,2021-09-10
619778,380.369,2400000,Released,6.4,65,2021-09-10
645710,12.093,0,Released,7.0,2,2021-09-10
566525,3076.69,150872848,Released,8.0,552,2021-09-10
482373,3347.437,37000009,Released,7.6,419,2021-09-10
497698,1582.569,370037090,Released,7.8,4861,2021-09-10
593910,2153.246,0,Released,6.9,423,2021-09-10
726916,46.794,0,Released,6.0,6,2021-09-10
853588,30.81,0,Released,6.3,3,2021-09-10
624860,69.311,0,Post Production,0.0,0,2021-09-10
436969,2394.24,162000000,Released,8.0,3614,2021-09-10
385128,1106.77,704238175,Released,7.5,3494,2021-09-10
744275,1332.732,9200000,Released,8.6,191,2021-09-10
861604,42.718,0,Released,7.5,1,2021-09-10
550988,1119.633,241811214,Released,7.7,594,2021-09-10
649394,166.292,0,Released,7.1,43,2021-09-10
438631,146.75,0,Released,4.6,4,2021-09-10
522681,184.026,155313078,Released,6.5,3239,2021-09-10
603,134.092,463517383,Released,8.2,19773,2021-09-10
597891,111.04,0,Released,6.2,41,2021-09-11
619778,532.517,2400000,Released,7.1,118,2021-09-11
645710,16.93,0,Released,6.6,12,2021-09-11
585216,447.987,44888959,Released,6.9,178,2021-09-11
853588,43.134,0,Released,4.7,10,2021-09-11
497698,1523.169,370037090,Released,7.8,4885,2021-09-11
566525,2872.93,150872848,Released,8.0,604,2021-09-11
482373,2935.743,37000009,Released,7.6,441,2021-09-11
385128,1070.289,704238175,Released,7.5,3518,2021-09-11
593910,1826.18,0,Released,6.9,448,2021-09-11
436969,2277.654,162000000,Released,8.0,3642,2021-09-11
726916,65.512,0,Released,6.3,8,2021-09-11
624860,97.035,0,Post Production,0.0,0,2021-09-11
523366,19.551,3175644,Released,7.7,82,2021-09-11
744275,1210.635,9200000,Released,8.6,194,2021-09-11
861604,59.805,0,Released,7.8,3,2021-09-11
550988,1079.301,241811214,Released,7.7,601,2021-09-11
438631,147.008,0,Released,4.6,4,2021-09-11
522681,257.636,155313078,Released,6.5,3242,2021-09-11
603,187.729,463517383,Released,8.2,19782,2021-09-11
597891,155.456,0,Released,6.4,102,2021-09-12
619778,745.524,2400000,Released,7.3,198,2021-09-12
645710,23.702,0,Released,6.9,30,2021-09-12
853588,60.388,0,Released,3.7,24,2021-09-12
585216,627.182,44888959,Released,7.0,211,2021-09-12
497698,1685.505,370037090,Released,7.8,4908,2021-09-12
566525,3000.897,166000000,Released,8.0,654,2021-09-12
482373,2804.468,37000009,Released,7.6,471,2021-09-12
436969,2476.307,162000000,Released,8.0,3680,2021-09-12
385128,1252.927,704238175,Released,7.5,3537,2021-09-12
593910,1916.06,0,Released,6.9,476,2021-09-12
523366,27.371,3175644,Released,7.7,82,2021-09-12
726916,91.717,0,Released,6.0,11,2021-09-12
624860,135.849,0,Post Production,0.0,0,2021-09-12
744275,1218.7,9200000,Released,8.6,206,2021-09-12
861604,63.408,0,Released,7.8,3,2021-09-12
451048,1916.455,193000000,Released,7.9,2498,2021-09-12
438631,168.927,0,Released,6.4,6,2021-09-12
337404,790.359,222042571,Released,8.3,5291,2021-09-12
550988,1272.683,241811214,Released,7.8,612,2021-09-12
597891,217.638,0,Released,6.6,165,2021-09-13
619778,1043.734,15070000,Released,7.3,262,2021-09-13
645710,33.183,0,Released,7.0,50,2021-09-13
853588,84.543,0,Released,4.1,56,2021-09-13
585216,878.055,44888959,Released,7.0,237,2021-09-13
497698,2110.202,370037090,Released,7.8,4927,2021-09-13
566525,3247.45,257000000,Released,8.0,700,2021-09-13
385128,1648.35,704238175,Released,7.5,3567,2021-09-13
482373,3048.408,37000009,Released,7.6,499,2021-09-13
436969,3168.796,162000000,Released,8.0,3717,2021-09-13
593910,2055.235,0,Released,6.9,501,2021-09-13
567748,29.351,0,Released,0.0,0,2021-09-13
523366,38.319,3175644,Released,7.7,85,2021-09-13
600583,10.37,0,Released,0.0,0,2021-09-13
744275,1232.869,9200000,Released,8.5,214,2021-09-13
726916,128.404,0,Released,6.3,15,2021-09-13
675445,1977.179,81000000,Released,8.0,389,2021-09-13
438631,186.151,0,Released,6.6,9,2021-09-13
675319,59.184,0,Released,6.1,22,2021-09-13
451048,2422.668,193000000,Released,7.9,2522,2021-09-13
597891,304.693,0,Released,6.7,209,2021-09-14
619778,1461.228,15070000,Released,7.4,304,2021-09-14
645710,46.456,0,Released,6.9,66,2021-09-14
853588,118.36,0,Released,4.0,69,2021-09-14
585216,1229.277,44888959,Released,7.0,259,2021-09-14
497698,1741.452,370037090,Released,7.8,4945,2021-09-14
566525,2843.563,257000000,Released,8.0,733,2021-09-14
385128,1289.555,704238175,Released,7.5,3589,2021-09-14
567748,41.091,0,Released,0.0,0,2021-09-14
523638,31.09,0,Released,6.3,8,2021-09-14
482373,2323.881,37000009,Released,7.6,509,2021-09-14
436969,2684.861,162000000,Released,8.0,3749,2021-09-14
843906,52.286,0,Released,8.0,2,2021-09-14
600583,14.518,0,Released,0.0,0,2021-09-14
523366,53.647,3175644,Released,7.7,86,2021-09-14
593910,1593.792,0,Released,6.9,523,2021-09-14
438631,188.692,0,Released,7.0,12,2021-09-14
675319,82.858,0,Released,6.2,24,2021-09-14
675445,1627.099,81000000,Released,8.0,391,2021-09-14
669659,15.822,0,Released,6.8,4,2021-09-14
597891,426.57,0,Released,6.7,232,2021-09-15
619778,2045.719,15070000,Released,7.4,339,2021-09-15
523638,43.526,0,Released,6.5,15,2021-09-15
739990,40.186,0,Released,6.5,2,2021-09-15
645710,65.038,0,Released,7.0,79,2021-09-15
843906,73.2,0,Released,8.8,43,2021-09-15
497698,1462.636,370037090,Released,7.8,4960,2021-09-15
585216,1720.988,44888959,Released,7.1,271,2021-09-15
853588,165.704,0,Released,4.3,81,2021-09-15
566525,2470.227,257000000,Released,8.0,766,2021-09-15
855823,27.062,0,Released,9.0,1,2021-09-15
669659,22.151,0,Released,6.6,5,2021-09-15
436969,2350.563,162000000,Released,7.9,3773,2021-09-15
385128,1066.52,714392860,Released,7.5,3596,2021-09-15
567748,57.527,0,Released,0.0,0,2021-09-15
438631,264.169,0,Released,8.0,32,2021-09-15
600583,20.325,0,Released,0.0,0,2021-09-15
482373,1744.235,37000009,Released,7.6,526,2021-09-15
837548,6.852,0,Released,6.8,4,2021-09-15
593910,1229.334,0,Released,6.8,546,2021-09-15
739990,56.26,0,Released,7.3,12,2021-09-16
523638,60.936,0,Released,6.2,22,2021-09-16
750253,10.737,0,Released,0.0,0,2021-09-16
619778,2451.161,15070000,Released,7.4,365,2021-09-16
565028,122.231,53000000,Released,6.5,121,2021-09-16
597891,597.198,0,Released,6.7,252,2021-09-16
855823,37.887,0,Released,7.1,19,2021-09-16
843906,102.48,0,Released,8.7,63,2021-09-16
497698,1392.609,370037090,Released,7.8,4980,2021-09-16
645710,91.053,0,Released,6.9,98,2021-09-16
566525,2364.887,257000000,Released,7.9,805,2021-09-16
585216,1805.192,44888959,Released,7.1,285,2021-09-16
438631,265.146,0,Released,8.2,77,2021-09-16
631843,306.489,84524080,Released,6.3,488,2021-09-16
853588,231.986,0,Released,4.3,89,2021-09-16
436969,2145.26,165270343,Released,7.9,3805,2021-09-16
669659,31.011,0,Released,5.8,6,2021-09-16
643532,53.409,0,Released,7.0,62,2021-09-16
567748,76.557,0,Released,0.0,0,2021-09-16
385128,1001.717,714392860,Released,7.5,3610,2021-09-16
739990,78.764,0,Released,7.0,26,2021-09-17
565028,171.123,53000000,Released,6.5,142,2021-09-17
750253,15.032,0,Released,0.0,0,2021-09-17
523638,85.31,0,Released,5.8,28,2021-09-17
619778,2462.799,15070000,Released,7.3,401,2021-09-17
631843,429.085,84524080,Released,6.3,499,2021-09-17
855823,53.042,0,Released,7.0,39,2021-09-17
597891,836.077,0,Released,6.7,282,2021-09-17
749274,98.34,0,Released,7.0,6,2021-09-17
497698,1445.752,370037090,Released,7.8,4999,2021-09-17
843906,143.472,0,Released,8.6,88,2021-09-17
438631,302.908,0,Released,8.3,165,2021-09-17
624899,14.528,0,Released,9.0,4,2021-09-17
566525,2295.658,257000000,Released,7.9,833,2021-09-17
645710,127.474,0,Released,7.0,109,2021-09-17
585216,1834.519,44888959,Released,7.1,297,2021-09-17
385128,1086.206,714392860,Released,7.5,3625,2021-09-17
436969,2198.157,165270343,Released,7.9,3828,2021-09-17
643532,74.773,0,Released,7.0,64,2021-09-17
579047,246.99,18717947,Released,7.2,579,2021-09-17
565028,239.572,53000000,Released,6.7,173,2021-09-18
739990,110.27,0,Released,7.1,42,2021-09-18
749274,137.676,0,Released,7.4,18,2021-09-18
637534,70.867,0,Released,8.1,191,2021-09-18
631843,600.719,84524080,Released,6.5,569,2021-09-18
523638,119.434,0,Released,5.9,35,2021-09-18
680531,41.492,0,Released,7.5,10,2021-09-18
750253,21.045,0,Released,0.0,0,2021-09-18
597891,1170.508,0,Released,6.7,308,2021-09-18
619778,2149.376,15070000,Released,7.3,440,2021-09-18
624899,20.339,0,Released,6.6,13,2021-09-18
855823,74.259,0,Released,7.2,57,2021-09-18
497698,1558.32,370037090,Released,7.8,5021,2021-09-18
438631,387.337,0,Released,8.2,275,2021-09-18
579047,242.826,18717947,Released,7.2,588,2021-09-18
566525,2251.405,257000000,Released,7.9,856,2021-09-18
840427,5.487,0,Released,6.8,2,2021-09-18
843906,200.861,0,Released,8.5,103,2021-09-18
436969,2115.735,165270343,Released,7.9,3849,2021-09-18
585216,1723.565,44888959,Released,7.1,308,2021-09-18
565028,335.401,53000000,Released,6.8,218,2021-09-19
749274,192.746,0,Released,7.7,34,2021-09-19
739990,154.378,0,Released,7.2,55,2021-09-19
637534,99.214,0,Released,8.0,213,2021-09-19
680531,58.089,0,Released,7.4,19,2021-09-19
523638,167.208,0,Released,5.7,49,2021-09-19
631843,709.071,84524080,Released,6.6,628,2021-09-19
579047,326.381,18717947,Released,7.2,600,2021-09-19
597891,1638.711,0,Released,6.8,346,2021-09-19
438631,504.117,0,Released,8.2,389,2021-09-19
497698,1720.402,370037090,Released,7.8,5038,2021-09-19
624899,28.475,0,Released,6.4,17,2021-09-19
619778,2140.151,15070000,Released,7.2,473,2021-09-19
750253,29.463,0,Released,0.0,0,2021-09-19
855823,103.963,0,Released,7.3,72,2021-09-19
840427,7.682,0,Released,7.1,8,2021-09-19
566525,2522.856,257000000,Released,7.9,889,2021-09-19
436969,2529.715,165270343,Released,7.9,3885,2021-09-19
585216,1695.069,44888959,Released,7.1,326,2021-09-19
385128,1166.824,714392860,Released,7.5,3659,2021-09-19
565028,469.561,66692490,Released,6.7,238,2021-09-20
749274,269.844,0,Released,7.5,51,2021-09-20
637534,138.9,0,Released,8.0,233,2021-09-20
739990,216.129,0,Released,7.1,67,2021-09-20
438631,552.16,36800000,Released,8.2,509,2021-09-20
680531,81.325,0,Released,7.6,34,2021-09-20
579047,318.145,18717947,Released,7.2,618,2021-09-20
523638,234.091,0,Released,5.8,60,2021-09-20
631843,700.619,84524080,Released,6.7,685,2021-09-20
497698,2250.11,370037090,Released,7.8,5053,2021-09-20
597891,2294.195,0,Released,6.8,377,2021-09-20
619778,2410.363,15070000,Released,7.2,505,2021-09-20
624899,39.865,0,Released,6.2,24,2021-09-20
566525,2632.018,272000000,Released,7.9,929,2021-09-20
436969,3162.455,165270343,Released,7.9,3909,2021-09-20
385128,1474.762,714392860,Released,7.5,3683,2021-09-20
750253,41.248,0,Released,0.0,0,2021-09-20
855823,145.548,0,Released,7.3,85,2021-09-20
840427,10.755,0,Released,6.6,15,2021-09-20
585216,1904.542,44888959,Released,7.1,335,2021-09-20
637534,194.46,0,Released,8.0,245,2021-09-21
565028,657.385,66692490,Released,6.6,263,2021-09-21
749274,377.782,0,Released,7.4,63,2021-09-21
438631,462.998,39000000,Released,8.2,568,2021-09-21
739990,302.581,0,Released,7.1,75,2021-09-21
680531,113.855,0,Released,7.5,41,2021-09-21
497698,1788.414,370037090,Released,7.8,5067,2021-09-21
566525,2218.744,288808782,Released,7.9,950,2021-09-21
579047,232.592,18717947,Released,7.2,622,2021-09-21
619778,1726.644,15070000,Released,7.2,527,2021-09-21
631843,527.846,84524080,Released,6.7,717,2021-09-21
523638,193.01,0,Released,5.6,68,2021-09-21
624899,55.811,0,Released,6.6,29,2021-09-21
436969,2472.96,166470323,Released,7.9,3946,2021-09-21
597891,2554.137,0,Released,6.8,392,2021-09-21
385128,1099.307,714392860,Released,7.5,3693,2021-09-21
482373,1422.709,45000000,Released,7.7,672,2021-09-21
840427,15.057,0,Released,6.1,22,2021-09-21
855823,191.224,0,Released,7.4,92,2021-09-21
585216,1449.56,44888959,Released,7.1,346,2021-09-21
631843,675.375,84524080,Released,6.7,745,2021-09-22
637534,272.244,0,Released,8.0,255,2021-09-22
565028,920.339,66692490,Released,6.6,276,2021-09-22
749274,528.895,0,Released,7.2,76,2021-09-22
785752,34.23,0,Released,7.7,5,2021-09-22
438631,456.28,39000000,Released,8.2,649,2021-09-22
497698,1520.206,370037090,Released,7.8,5085,2021-09-22
566525,1960.058,306000000,Released,7.9,968,2021-09-22
739990,423.613,0,Released,7.0,84,2021-09-22
385128,967.872,714392860,Released,7.5,3703,2021-09-22
680531,159.397,0,Released,7.5,51,2021-09-22
579047,192.092,18717947,Released,7.1,629,2021-09-22
482373,1177.615,45000000,Released,7.7,691,2021-09-22
858064,47.309,0,Released,7.7,3,2021-09-22
619778,1304.193,15070000,Released,7.2,542,2021-09-22
436969,2126.78,166470323,Released,7.9,3968,2021-09-22
597891,2247.437,0,Released,6.8,407,2021-09-22
523638,163.347,0,Released,5.7,74,2021-09-22
624899,78.135,0,Released,6.7,33,2021-09-22
840427,21.08,0,Released,6.1,22,2021-09-22
785752,47.922,0,Released,7.0,20,2021-09-23
631843,945.525,89500000,Released,6.7,771,2021-09-23
550988,719.674,302000000,Released,7.7,694,2021-09-23
438631,386.638,39000000,Released,8.2,712,2021-09-23
565028,1287.4,66692490,Released,6.6,294,2021-09-23
637534,381.142,0,Released,8.0,268,2021-09-23
749274,605.258,0,Released,7.1,81,2021-09-23
385128,947.289,714392860,Released,7.5,3723,2021-09-23
497698,1340.572,370037090,Released,7.7,5092,2021-09-23
579047,173.251,18717947,Released,7.2,635,2021-09-23
566525,1853.864,306000000,Released,7.9,987,2021-09-23
585216,1110.157,44888959,Released,7.1,368,2021-09-23
739990,593.058,0,Released,7.0,88,2021-09-23
568620,392.923,36964325,Released,7.0,461,2021-09-23
619778,1217.684,24640084,Released,7.2,557,2021-09-23
482373,1032.94,45000000,Released,7.7,709,2021-09-23
436969,2017.497,166470323,Released,7.9,3987,2021-09-23
858064,66.233,0,Released,7.7,7,2021-09-23
597891,2069.411,0,Released,6.8,426,2021-09-23
680531,223.156,0,Released,7.5,56,2021-09-23
550988,1007.544,302000000,Released,7.8,773,2021-09-24
785752,67.091,0,Released,6.9,47,2021-09-24
631843,1323.735,89500000,Released,6.7,809,2021-09-24
667969,35.556,0,Released,5.7,3,2021-09-24
438631,395.483,39000000,Released,8.2,774,2021-09-24
468225,13.66,0,Released,6.5,2,2021-09-24
565028,1091.487,66692490,Released,6.6,302,2021-09-24
497698,1291.674,378000000,Released,7.7,5105,2021-09-24
385128,971.145,714392860,Released,7.5,3743,2021-09-24
749274,500.38,0,Released,7.1,89,2021-09-24
637534,533.599,0,Released,8.0,276,2021-09-24
683641,11.743,0,Released,5.0,1,2021-09-24
585216,1065.645,44888959,Released,7.1,381,2021-09-24
579047,164.911,18717947,Released,7.2,641,2021-09-24
566525,1746.898,324000000,Released,7.9,1005,2021-09-24
482373,899.728,45000000,Released,7.7,722,2021-09-24
597316,89.218,0,Released,0.0,0,2021-09-24
436969,1980.949,166470323,Released,7.9,4015,2021-09-24
568620,550.092,36964325,Released,7.0,465,2021-09-24
739990,830.281,0,Released,6.9,93,2021-09-24
550988,1410.562,302000000,Released,7.8,857,2021-09-25
468225,19.124,0,Released,7.1,10,2021-09-25
785752,93.927,0,Released,6.7,62,2021-09-25
667969,49.778,0,Released,7.0,9,2021-09-25
631843,1853.229,89500000,Released,6.7,844,2021-09-25
597316,124.905,0,Released,8.9,15,2021-09-25
438631,400.102,39000000,Released,8.2,836,2021-09-25
585216,1001.265,44888959,Released,7.1,396,2021-09-25
385128,1003.758,714392860,Released,7.5,3764,2021-09-25
497698,1302.136,378000000,Released,7.7,5117,2021-09-25
565028,993.93,66692490,Released,6.6,316,2021-09-25
683641,16.44,0,Released,5.5,2,2021-09-25
581726,881.761,0,Released,7.4,1095,2021-09-25
749274,471.531,0,Released,7.1,93,2021-09-25
579047,199.545,18717947,Released,7.2,648,2021-09-25
566525,1719.819,324000000,Released,7.8,1022,2021-09-25
637534,747.039,0,Released,8.0,284,2021-09-25
436969,2002.161,166470323,Released,7.9,4040,2021-09-25
482373,880.886,45000000,Released,7.7,731,2021-09-25
568620,770.129,36964325,Released,7.0,467,2021-09-25
550988,1974.787,304734071,Released,7.8,978,2021-09-26
468225,26.774,0,Released,7.3,17,2021-09-26
785752,131.498,0,Released,6.6,88,2021-09-26
667969,69.689,0,Released,7.3,12,2021-09-26
597316,174.867,0,Released,8.7,26,2021-09-26
631843,2594.521,89500000,Released,6.8,878,2021-09-26
585216,1146.106,44888959,Released,7.1,410,2021-09-26
438631,407.624,39000000,Released,8.2,903,2021-09-26
497698,1434.802,378328978,Released,7.7,5143,2021-09-26
581726,978.437,0,Released,7.4,1113,2021-09-26
385128,1102.779,714392860,Released,7.5,3785,2021-09-26
579047,233.177,18717947,Released,7.2,658,2021-09-26
566525,1987.276,330883056,Released,7.8,1039,2021-09-26
683641,23.016,0,Released,5.5,2,2021-09-26
749274,469.066,0,Released,7.0,101,2021-09-26
565028,1060.428,66692490,Released,6.6,330,2021-09-26
436969,2200.687,166470323,Released,7.9,4066,2021-09-26
637534,1045.855,0,Released,8.0,290,2021-09-26
608804,52.706,0,Released,6.2,27,2021-09-26
580489,989.217,0,In Production,0.0,0,2021-09-26
550988,2764.702,317000000,Released,7.8,1117,2021-09-27
468225,37.484,0,Released,7.5,32,2021-09-27
785752,184.097,0,Released,6.5,113,2021-09-27
667969,97.565,0,Released,7.6,17,2021-09-27
631843,3398.704,89500000,Released,6.7,921,2021-09-27
597316,244.814,0,Released,8.3,39,2021-09-27
585216,1369.379,44888959,Released,7.1,428,2021-09-27
438631,420.311,76500000,Released,8.2,967,2021-09-27
497698,1647.649,378328978,Released,7.7,5163,2021-09-27
579047,292.259,18717947,Released,7.1,667,2021-09-27
385128,1353.205,714392860,Released,7.5,3800,2021-09-27
566525,2600.165,363000000,Released,7.8,1067,2021-09-27
608804,73.788,0,Released,6.5,44,2021-09-27
565028,1205.684,71000000,Released,6.6,340,2021-09-27
436969,2599.611,166470323,Released,7.9,4099,2021-09-27
581726,1137.288,0,Released,7.4,1123,2021-09-27
749274,499.417,0,Released,7.0,111,2021-09-27
370172,244.793,0,Released,5.0,2,2021-09-27
580489,1224.728,0,Released,8.8,11,2021-09-27
637534,1464.197,0,Released,8.0,306,2021-09-27
550988,3870.583,317000000,Released,7.9,1247,2021-09-28
468225,52.478,0,Released,7.4,39,2021-09-28
585216,1104.718,44888959,Released,7.1,441,2021-09-28
785752,257.736,0,Released,6.4,127,2021-09-28
597316,342.74,0,Released,8.1,45,2021-09-28
438631,357.744,76500000,Released,8.2,1027,2021-09-28
631843,2622.428,89500000,Released,6.7,942,2021-09-28
667969,136.591,0,Released,7.0,21,2021-09-28
608804,103.303,0,Released,6.7,60,2021-09-28
497698,1428.273,378328978,Released,7.7,5186,2021-09-28
385128,1175.336,716000000,Released,7.5,3820,2021-09-28
370172,251.777,0,Released,4.8,6,2021-09-28
579047,268.209,18717947,Released,7.1,676,2021-09-28
580489,1038.701,0,Released,8.4,14,2021-09-28
566525,2330.572,363000000,Released,7.8,1078,2021-09-28
565028,918.056,71000000,Released,6.6,349,2021-09-28
436969,2223.745,166470323,Released,7.9,4128,2021-09-28
581726,898.913,0,Released,7.4,1129,2021-09-28
749274,371.678,0,Released,6.9,116,2021-09-28
800305,94.55,0,Released,6.5,60,2021-09-28
550988,5418.816,317000000,Released,8.0,1383,2021-09-29
740925,36.212,0,Released,6.7,3,2021-09-29
370172,352.488,0,Released,6.6,11,2021-09-29
468225,73.469,0,Released,7.3,44,2021-09-29
585216,864.166,44888959,Released,7.0,457,2021-09-29
438631,324.456,76500000,Released,8.2,1069,2021-09-29
785752,360.83,0,Released,6.4,139,2021-09-29
580489,925.142,0,Released,8.6,17,2021-09-29
608804,144.624,0,Released,6.6,69,2021-09-29
631843,1877.482,89500000,Released,6.7,974,2021-09-29
797594,10.543,0,Released,7.8,10,2021-09-29
597316,479.836,0,Released,8.2,50,2021-09-29
497698,935.764,378328978,Released,7.7,5198,2021-09-29
385128,1077.121,716000000,Released,7.5,3831,2021-09-29
667969,191.227,0,Released,7.0,26,2021-09-29
568620,2958.528,36964325,Released,7.0,501,2021-09-29
566525,1937.308,363000000,Released,7.8,1097,2021-09-29
776909,39.603,0,Released,0.0,0,2021-09-29
436969,1415.16,166470323,Released,7.8,4143,2021-09-29
869617,26.809,0,Released,0.0,0,2021-09-29
550988,7586.342,317000000,Released,8.0,1521,2021-09-30
740925,50.697,0,Released,6.1,17,2021-09-30
370172,422.948,0,Released,6.4,21,2021-09-30
776909,55.444,0,Released,5.4,7,2021-09-30
869617,37.533,0,Released,6.5,8,2021-09-30
580489,1295.199,0,Released,8.2,31,2021-09-30
438631,294.923,76500000,Released,8.2,1120,2021-09-30
585216,829.631,44888959,Released,7.1,467,2021-09-30
451048,1186.754,209000000,Released,7.8,2761,2021-09-30
468225,102.857,0,Released,7.3,48,2021-09-30
497698,872.686,378328978,Released,7.7,5213,2021-09-30
568620,4141.939,36964325,Released,7.0,510,2021-09-30
797594,14.76,0,Released,7.3,17,2021-09-30
436969,1259.968,166470323,Released,7.8,4158,2021-09-30
385128,1017.979,716000000,Released,7.5,3845,2021-09-30
785752,505.162,0,Released,6.4,148,2021-09-30
597316,671.77,0,Released,8.2,56,2021-09-30
566525,1658.245,363000000,Released,7.8,1111,2021-09-30
631843,1704.936,89500000,Released,6.7,986,2021-09-30
608804,202.474,0,Released,6.7,73,2021-09-30
550988,10620.879,317000000,Released,8.0,1633,2021-10-01
740925,70.976,0,Released,5.6,32,2021-10-01
370172,577.304,0,Released,7.2,63,2021-10-01
567748,65.161,0,Released,7.2,83,2021-10-01
580489,1813.279,0,Released,7.3,56,2021-10-01
869617,52.546,0,Released,6.4,11,2021-10-01
776909,77.622,0,Released,5.8,10,2021-10-01
639721,102.252,0,Released,5.2,5,2021-10-01
628914,13.964,0,Released,7.0,8,2021-10-01
524369,33.546,0,Released,6.5,9,2021-10-01
767504,29.845,0,Released,5.0,1,2021-10-01
643532,40.034,2829211,Released,6.6,97,2021-10-01
802226,34.735,0,Released,0.0,0,2021-10-01
451048,1168.002,209000000,Released,7.8,2773,2021-10-01
497698,906.871,378328978,Released,7.7,5223,2021-10-01
438631,318.314,76500000,Released,8.1,1160,2021-10-01
585216,797.499,44888959,Released,7.1,474,2021-10-01
385128,1059.692,716000000,Released,7.5,3863,2021-10-01
468225,144.0,0,Released,7.2,52,2021-10-01
568620,5798.715,36964325,Released,7.0,512,2021-10-01
550988,11660.794,317000000,Released,8.0,1767,2021-10-02
567748,91.225,0,Released,7.1,167,2021-10-02
639721,143.153,0,Released,6.3,14,2021-10-02
524369,46.964,0,Released,6.7,18,2021-10-02
370172,724.041,0,Released,7.1,104,2021-10-02
740925,99.366,0,Released,6.4,58,2021-10-02
580489,2538.591,0,Released,7.3,81,2021-10-02
767504,41.783,0,Released,5.7,6,2021-10-02
802226,48.629,0,Released,6.0,5,2021-10-02
857702,70.644,0,Released,7.3,4,2021-10-02
628914,19.55,0,Released,7.5,13,2021-10-02
860623,10.137,0,In Production,0.0,0,2021-10-02
643532,56.048,2829211,Released,6.7,105,2021-10-02
385128,1060.07,716000000,Released,7.5,3875,2021-10-02
785527,37.17,0,Released,8.5,2,2021-10-02
869617,73.564,0,Released,6.7,18,2021-10-02
451048,1138.085,209000000,Released,7.8,2785,2021-10-02
776909,108.671,0,Released,5.8,12,2021-10-02
874562,36.023,0,Released,6.0,1,2021-10-02
843241,120.672,0,Released,8.5,74,2021-10-02
550988,12439.174,317000000,Released,8.0,1888,2021-10-03
567748,127.715,0,Released,6.9,264,2021-10-03
639721,200.414,0,Released,7.0,35,2021-10-03
524369,65.75,0,Released,6.8,35,2021-10-03
370172,890.432,51000000,Released,7.3,148,2021-10-03
580489,3554.027,37000000,Released,7.3,128,2021-10-03
767504,58.496,0,Released,5.7,12,2021-10-03
740925,139.112,0,Released,6.3,81,2021-10-03
857702,98.902,0,Released,6.7,9,2021-10-03
802226,68.081,0,Released,5.6,10,2021-10-03
385128,1188.998,716000000,Released,7.5,3891,2021-10-03
643532,78.467,2829211,Released,6.7,108,2021-10-03
628914,27.37,0,Released,7.3,17,2021-10-03
451048,1398.893,209000000,Released,7.8,2796,2021-10-03
785527,52.038,0,Released,8.5,2,2021-10-03
860623,14.192,0,In Production,0.0,0,2021-10-03
843241,168.941,0,Released,8.5,102,2021-10-03
497698,1021.455,378328978,Released,7.7,5246,2021-10-03
874562,50.432,0,Released,6.0,2,2021-10-03
869617,102.99,0,Released,6.5,32,2021-10-03
550988,13250.324,321000000,Released,8.0,2007,2021-10-04
567748,178.801,0,Released,6.8,365,2021-10-04
639721,280.58,18000000,Released,8.0,97,2021-10-04
580489,4225.219,103000000,Released,7.4,153,2021-10-04
524369,92.05,7300000,Released,6.6,46,2021-10-04
370172,926.964,119000000,Released,7.3,199,2021-10-04
857702,138.463,0,Released,7.0,14,2021-10-04
767504,81.894,0,Released,5.5,16,2021-10-04
740925,194.757,0,Released,6.1,101,2021-10-04
451048,1710.16,209000000,Released,7.8,2813,2021-10-04
802226,95.313,0,Released,5.7,13,2021-10-04
643532,109.854,3265719,Released,6.6,119,2021-10-04
628914,38.318,0,Released,7.4,24,2021-10-04
385128,1553.717,716000000,Released,7.5,3906,2021-10-04
438631,440.052,100000000,Released,8.1,1286,2021-10-04
860623,19.869,0,In Production,0.0,0,2021-10-04
843241,236.517,0,Released,8.5,121,2021-10-04
785527,72.853,0,Released,6.5,4,2021-10-04
497698,1153.479,378328978,Released,7.7,5259,2021-10-04
436969,1723.518,166470323,Released,7.8,4211,2021-10-04
550988,11516.441,321000000,Released,7.9,2095,2021-10-05
580489,4238.873,103000000,Released,7.5,175,2021-10-05
639721,392.812,18000000,Released,8.2,114,2021-10-05
567748,250.321,0,Released,6.7,431,2021-10-05
524369,128.87,7300000,Released,6.5,59,2021-10-05
370172,791.973,119000000,Released,7.3,234,2021-10-05
857702,193.848,0,Released,7.3,18,2021-10-05
767504,114.652,0,Released,5.8,17,2021-10-05
451048,1505.346,209000000,Released,7.8,2825,2021-10-05
619778,876.486,24640084,Released,7.1,685,2021-10-05
547565,117.599,11000000,Released,6.6,55,2021-10-05
740925,272.66,0,Released,6.1,115,2021-10-05
385128,1420.771,716000000,Released,7.5,3920,2021-10-05
438631,366.25,100000000,Released,8.1,1317,2021-10-05
497698,1014.73,378328978,Released,7.7,5269,2021-10-05
802226,133.438,0,Released,5.1,17,2021-10-05
643532,86.016,3265719,Released,6.6,122,2021-10-05
628914,53.645,0,Released,7.3,25,2021-10-05
785527,101.994,0,Released,6.5,4,2021-10-05
860623,27.817,0,In Production,0.0,0,2021-10-05
547565,164.639,11000000,Released,6.7,63,2021-10-06
550988,8808.702,321000000,Released,7.9,2183,2021-10-06
580489,4594.903,103000000,Released,7.5,198,2021-10-06
370172,673.93,119000000,Released,7.4,278,2021-10-06
639721,549.937,18000000,Released,8.0,131,2021-10-06
567748,350.449,0,Released,6.7,479,2021-10-06
524369,180.418,7300000,Released,6.8,68,2021-10-06
512025,24.168,0,Released,7.3,3,2021-10-06
857702,271.387,0,Released,7.2,20,2021-10-06
631843,1211.837,89500000,Released,6.7,1090,2021-10-06
619778,663.911,24640084,Released,7.2,700,2021-10-06
451048,1240.02,209000000,Released,7.8,2841,2021-10-06
497698,873.516,378328978,Released,7.7,5282,2021-10-06
385128,1115.775,716000000,Released,7.5,3933,2021-10-06
879540,7.531,0,Released,8.3,8,2021-10-06
438631,311.985,100000000,Released,8.1,1337,2021-10-06
767504,160.513,0,Released,5.8,22,2021-10-06
740925,381.724,0,Released,6.1,126,2021-10-06
643532,74.522,3265719,Released,6.6,127,2021-10-06
860623,38.944,0,In Production,0.0,0,2021-10-06
547565,230.495,11000000,Released,6.6,77,2021-10-07
512025,33.835,0,Released,6.1,24,2021-10-07
580489,6432.864,103000000,Released,7.4,221,2021-10-07
550988,7783.635,321000000,Released,7.9,2260,2021-10-07
370172,645.84,119000000,Released,7.4,325,2021-10-07
639721,769.912,18000000,Released,8.0,140,2021-10-07
567748,490.629,0,Released,6.7,512,2021-10-07
524369,252.585,7300000,Released,6.7,74,2021-10-07
753453,57.084,0,Released,6.0,19,2021-10-07
631843,1070.667,89500000,Released,6.7,1105,2021-10-07
497698,845.281,378328978,Released,7.7,5307,2021-10-07
619778,591.81,24640084,Released,7.1,711,2021-10-07
385128,1069.15,716000000,Released,7.5,3947,2021-10-07
451048,1200.218,209000000,Released,7.8,2860,2021-10-07
438631,305.104,100000000,Released,8.1,1359,2021-10-07
857702,379.942,0,Released,7.3,23,2021-10-07
879540,10.543,0,Released,8.4,11,2021-10-07
645788,90.464,8115215,Released,6.9,217,2021-10-07
767504,224.718,0,Released,5.6,25,2021-10-07
566525,1413.614,386000000,Released,7.8,1195,2021-10-07
512025,47.369,0,Released,6.4,59,2021-10-08
547565,322.693,14586571,Released,6.8,87,2021-10-08
580489,8830.327,115000000,Released,7.5,246,2021-10-08
550988,7508.219,324000000,Released,7.9,2314,2021-10-08
370172,610.966,119000000,Released,7.3,362,2021-10-08
767499,37.141,0,Released,6.0,1,2021-10-08
639721,1077.877,18000000,Released,7.8,155,2021-10-08
753453,79.918,0,Released,5.8,21,2021-10-08
567748,534.788,0,Released,6.7,561,2021-10-08
796428,33.821,0,Released,5.5,2,2021-10-08
644089,12.76,750000,Released,7.4,12,2021-10-08
385128,1058.802,716000000,Released,7.5,3957,2021-10-08
497698,874.744,378328978,Released,7.7,5334,2021-10-08
524369,353.619,7300000,Released,6.8,78,2021-10-08
451048,1142.244,209000000,Released,7.8,2868,2021-10-08
645788,126.65,8115215,Released,6.9,219,2021-10-08
631843,1028.288,89500000,Released,6.7,1115,2021-10-08
619778,534.381,24640084,Released,7.1,724,2021-10-08
637649,567.887,103966489,Released,7.8,2377,2021-10-08
438631,297.985,100000000,Released,8.1,1374,2021-10-08
767499,51.997,0,Released,5.0,4,2021-10-09
512025,66.317,0,Released,6.2,86,2021-10-09
550988,7639.202,324000000,Released,7.9,2354,2021-10-09
580489,10241.636,127000000,Released,7.6,312,2021-10-09
547565,284.812,14586571,Released,6.8,101,2021-10-09
831405,46.616,0,Released,0.0,0,2021-10-09
370172,671.077,119000000,Released,7.3,411,2021-10-09
796428,47.349,0,Released,5.5,2,2021-10-09
662708,35.342,0,Released,7.5,34,2021-10-09
753453,111.885,0,Released,5.7,25,2021-10-09
770742,34.203,0,Released,6.0,2,2021-10-09
785663,17.769,0,Released,7.0,4,2021-10-09
874948,46.379,0,Released,7.8,2,2021-10-09
639721,1509.028,18000000,Released,7.9,172,2021-10-09
385128,1067.851,716000000,Released,7.5,3974,2021-10-09
567748,489.073,0,Released,6.7,591,2021-10-09
644089,17.864,750000,Released,7.0,13,2021-10-09
826914,38.45,0,Released,7.0,4,2021-10-09
645788,145.817,8115215,Released,6.9,227,2021-10-09
619778,540.002,24640084,Released,7.1,730,2021-10-09
831405,65.262,0,In Production,0.0,0,2021-10-10
580489,11173.275,140000000,Released,7.4,367,2021-10-10
550988,8075.543,324000000,Released,7.9,2418,2021-10-10
767499,72.796,0,Released,4.9,12,2021-10-10
512025,92.844,0,Released,6.1,113,2021-10-10
547565,278.988,14590542,Released,6.9,117,2021-10-10
785663,24.877,0,Released,7.0,9,2021-10-10
662708,49.479,0,Released,7.4,37,2021-10-10
796428,66.289,0,Released,5.3,4,2021-10-10
370172,779.673,144000000,Released,7.4,469,2021-10-10
826914,53.83,0,Released,6.4,8,2021-10-10
385128,1262.729,716000000,Released,7.5,3988,2021-10-10
874948,64.931,0,Released,6.1,4,2021-10-10
770742,47.884,0,Released,6.7,5,2021-10-10
753453,156.639,0,Released,5.9,30,2021-10-10
645788,148.485,8115215,Released,6.9,233,2021-10-10
567748,502.188,0,Released,6.6,642,2021-10-10
639721,2112.639,18000000,Released,7.7,194,2021-10-10
497698,999.006,378328978,Released,7.7,5386,2021-10-10
619778,656.433,24640084,Released,7.1,738,2021-10-10
580489,12374.3,185000000,Released,7.4,412,2021-10-11
831405,91.367,0,Released,6.4,10,2021-10-11
550988,8641.789,324000000,Released,7.9,2485,2021-10-11
767499,101.914,0,Released,4.5,17,2021-10-11
662708,69.271,0,Released,7.4,40,2021-10-11
785663,34.828,0,Released,6.9,14,2021-10-11
547565,267.411,14590542,Released,6.9,124,2021-10-11
826914,75.362,0,Released,5.9,13,2021-10-11
796428,92.805,0,Released,5.6,9,2021-10-11
512025,129.982,0,Released,6.0,136,2021-10-11
370172,834.97,313000000,Released,7.4,531,2021-10-11
385128,1418.769,716000000,Released,7.4,4008,2021-10-11
874948,90.903,0,Released,5.3,5,2021-10-11
631843,1285.604,89500000,Released,6.7,1188,2021-10-11
645788,149.878,8115215,Released,6.9,236,2021-10-11
639721,2957.695,35000000,Released,7.7,214,2021-10-11
497698,1136.446,378328978,Released,7.7,5414,2021-10-11
770742,67.038,0,Released,7.3,17,2021-10-11
567748,519.535,0,Released,6.6,683,2021-10-11
753453,165.79,0,Released,5.7,34,2021-10-11
580489,11957.463,185000000,Released,7.3,445,2021-10-12
831405,127.914,0,Released,8.0,57,2021-10-12
550988,7283.521,324000000,Released,7.9,2529,2021-10-12
826914,105.507,0,Released,6.2,17,2021-10-12
370172,714.595,313000000,Released,7.3,566,2021-10-12
767499,142.68,0,Released,5.3,24,2021-10-12
568620,3740.301,36964325,Released,6.9,619,2021-10-12
662708,96.979,0,Released,7.4,40,2021-10-12
785663,48.759,0,Released,7.5,19,2021-10-12
547565,235.923,14590542,Released,6.9,134,2021-10-12
796428,129.927,0,Released,5.6,10,2021-10-12
585216,607.401,44888959,Released,7.1,560,2021-10-12
438631,398.454,117100000,Released,8.1,1472,2021-10-12
385128,1203.522,716000000,Released,7.4,4024,2021-10-12
639721,3438.263,35000000,Released,7.7,226,2021-10-12
512025,181.975,0,Released,5.9,155,2021-10-12
497698,1001.06,378328978,Released,7.7,5437,2021-10-12
874948,127.264,0,Released,5.3,5,2021-10-12
645788,124.53,8115215,Released,6.9,240,2021-10-12
631843,1075.817,89500000,Released,6.7,1212,2021-10-12
580489,10722.316,185000000,Released,7.2,490,2021-10-13
550988,5864.226,324000000,Released,7.9,2581,2021-10-13
831405,179.08,0,Released,8.2,101,2021-10-13
568620,3146.571,36964325,Released,6.9,630,2021-10-13
826914,147.71,0,Released,6.0,19,2021-10-13
370172,630.284,321000000,Released,7.3,604,2021-10-13
839100,35.711,0,Released,6.0,1,2021-10-13
585216,503.69,44888959,Released,7.1,566,2021-10-13
438631,417.491,117100000,Released,8.1,1483,2021-10-13
785663,68.263,0,Released,7.6,20,2021-10-13
767499,151.397,0,Released,5.4,29,2021-10-13
662708,135.771,0,Released,7.5,42,2021-10-13
547565,171.697,14590542,Released,6.9,144,2021-10-13
385128,1086.853,716000000,Released,7.4,4032,2021-10-13
796428,181.898,0,Released,5.6,10,2021-10-13
639721,2861.106,35000000,Released,7.6,244,2021-10-13
524434,208.658,0,Post Production,0.0,0,2021-10-13
497698,883.0,378328978,Released,7.7,5456,2021-10-13
645788,126.672,8115215,Released,6.8,244,2021-10-13
567748,356.83,0,Released,6.6,740,2021-10-13
580489,10352.991,191000000,Released,7.2,537,2021-10-14
550988,5333.728,324000000,Released,7.8,2622,2021-10-14
595280,16.57,0,Released,5.7,6,2021-10-14
831405,250.712,0,Released,8.2,128,2021-10-14
839100,49.995,0,Released,6.0,1,2021-10-14
370172,596.349,321000000,Released,7.3,644,2021-10-14
826914,206.794,0,Released,6.2,20,2021-10-14
738652,11.609,5400000,Released,6.0,15,2021-10-14
438631,400.124,117600000,Released,8.1,1496,2021-10-14
568620,3101.51,36964325,Released,6.9,637,2021-10-14
533514,35.288,20339624,Released,8.8,122,2021-10-14
610253,367.784,0,Released,8.4,4,2021-10-14
385128,1104.902,716000000,Released,7.4,4040,2021-10-14
585216,435.633,44888959,Released,7.0,575,2021-10-14
809970,3.419,0,Released,8.0,2,2021-10-14
785663,67.536,0,Released,7.4,22,2021-10-14
547565,166.861,14590542,Released,6.8,150,2021-10-14
631843,812.478,89500000,Released,6.7,1239,2021-10-14
497698,865.989,378328978,Released,7.7,5467,2021-10-14
639721,2633.563,35000000,Released,7.6,257,2021-10-14
610253,490.309,0,Released,8.1,16,2021-10-15
580489,9595.454,191000000,Released,7.2,591,2021-10-15
738652,16.253,5400000,Released,6.0,22,2021-10-15
550988,4453.048,324000000,Released,7.8,2650,2021-10-15
595280,23.198,0,Released,5.0,11,2021-10-15
438631,418.297,117600000,Released,8.1,1521,2021-10-15
831405,350.997,0,Released,8.3,138,2021-10-15
370172,558.53,321000000,Released,7.3,671,2021-10-15
826914,289.512,0,Released,6.4,22,2021-10-15
533514,49.403,20339624,Released,8.8,125,2021-10-15
839100,69.993,0,Released,6.1,7,2021-10-15
568620,2524.697,36964325,Released,6.9,646,2021-10-15
633515,9.779,0,Released,7.2,11,2021-10-15
809970,4.787,0,Released,6.5,4,2021-10-15
452019,35.651,0,Released,0.0,0,2021-10-15
385128,999.505,716000000,Released,7.4,4054,2021-10-15
631843,755.29,89500000,Released,6.7,1252,2021-10-15
547565,140.083,14590542,Released,6.8,155,2021-10-15
617653,208.417,0,Released,7.8,35,2021-10-15
497698,771.886,378328978,Released,7.7,5481,2021-10-15
610253,686.433,0,Released,7.8,129,2021-10-16
580489,9295.845,191000000,Released,7.2,639,2021-10-16
738652,22.754,5400000,Released,6.1,23,2021-10-16
633515,13.691,0,Released,7.2,18,2021-10-16
550988,4249.292,324000000,Released,7.8,2697,2021-10-16
760747,5.894,0,Released,7.2,11,2021-10-16
583081,14.972,0,Post Production,0.0,0,2021-10-16
874965,35.725,0,Released,5.5,2,2021-10-16
452019,49.911,0,Released,7.5,2,2021-10-16
595280,32.477,0,Released,5.1,17,2021-10-16
438631,459.903,117600000,Released,8.1,1535,2021-10-16
568620,2186.173,36964325,Released,6.9,653,2021-10-16
617653,229.981,0,Released,7.8,58,2021-10-16
370172,542.788,330000000,Released,7.3,705,2021-10-16
436969,1095.016,167381210,Released,7.8,4381,2021-10-16
831405,491.396,0,Released,8.3,155,2021-10-16
631843,794.16,89500000,Released,6.7,1273,2021-10-16
385128,950.675,716000000,Released,7.4,4068,2021-10-16
547565,133.764,14590542,Released,6.8,163,2021-10-16
839100,97.99,0,Released,6.1,10,2021-10-16
610253,961.006,22800000,Released,7.8,279,2021-10-17
438631,516.924,117600000,Released,8.1,1568,2021-10-17
580489,10175.435,200000000,Released,7.1,692,2021-10-17
633515,19.167,0,Released,7.3,24,2021-10-17
738652,31.856,5400000,Released,6.2,29,2021-10-17
550988,4882.375,324000000,Released,7.8,2766,2021-10-17
760747,8.252,0,Released,7.1,16,2021-10-17
874965,50.015,0,Released,5.8,5,2021-10-17
583081,20.961,0,Post Production,0.0,0,2021-10-17
436969,1325.984,167381210,Released,7.8,4401,2021-10-17
452019,69.875,0,Released,6.4,5,2021-10-17
414906,78.897,0,Post Production,0.0,0,2021-10-17
568620,2594.292,36964325,Released,6.8,659,2021-10-17
370172,636.765,341000000,Released,7.3,751,2021-10-17
595280,45.468,0,Released,6.0,26,2021-10-17
385128,1088.663,716000000,Released,7.4,4074,2021-10-17
617653,269.42,0,Released,7.7,86,2021-10-17
831405,687.954,0,Released,8.2,168,2021-10-17
335983,3383.577,855013954,Released,6.8,11750,2021-10-17
631843,940.687,89500000,Released,6.7,1287,2021-10-17
438631,723.694,117600000,Released,8.1,1599,2021-10-18
610253,1345.408,55800000,Released,7.6,376,2021-10-18
580489,10560.562,283000000,Released,7.0,751,2021-10-18
633515,26.834,0,Released,7.5,44,2021-10-18
550988,5626.033,324000000,Released,7.8,2833,2021-10-18
738652,44.598,5400000,Released,6.0,37,2021-10-18
760747,11.553,0,Released,7.2,29,2021-10-18
436969,1605.777,167381210,Released,7.8,4424,2021-10-18
874965,70.021,0,Released,5.7,6,2021-10-18
370172,703.657,447000000,Released,7.3,797,2021-10-18
385128,1340.086,716000000,Released,7.4,4090,2021-10-18
568620,3070.907,36964325,Released,6.8,667,2021-10-18
452019,97.825,0,Released,6.4,5,2021-10-18
414906,110.456,0,Post Production,0.0,0,2021-10-18
583081,29.345,0,Post Production,0.0,0,2021-10-18
645788,112.682,8115215,Released,6.8,259,2021-10-18
335983,3586.002,855013954,Released,6.8,11790,2021-10-18
617653,278.854,0,Released,7.8,119,2021-10-18
639721,3181.757,58000000,Released,7.6,301,2021-10-18
497698,1062.038,378328978,Released,7.7,5537,2021-10-18
438631,1013.172,117600000,Released,8.1,1682,2021-10-19
610253,1883.571,55800000,Released,7.5,429,2021-10-19
580489,9322.826,283000000,Released,7.0,793,2021-10-19
744275,702.934,19000000,Released,8.0,360,2021-10-19
550988,4706.977,324000000,Released,7.8,2891,2021-10-19
633515,37.568,0,Released,7.4,70,2021-10-19
738652,62.437,5400000,Released,6.1,39,2021-10-19
436969,1342.893,167381210,Released,7.8,4437,2021-10-19
385128,1133.967,716000000,Released,7.4,4104,2021-10-19
760747,16.174,0,Released,7.1,35,2021-10-19
370172,590.592,447000000,Released,7.3,819,2021-10-19
617653,244.901,9000000,Released,7.7,139,2021-10-19
452019,95.407,0,Released,6.1,7,2021-10-19
568620,2623.747,36964325,Released,6.9,681,2021-10-19
645788,157.755,8115215,Released,6.8,269,2021-10-19
874965,64.745,0,Released,5.0,8,2021-10-19
335983,5020.403,855013954,Released,6.8,11832,2021-10-19
414906,131.21,0,Post Production,0.0,0,2021-10-19
583081,41.083,0,Released,5.8,10,2021-10-19
639721,2557.76,58000000,Released,7.6,316,2021-10-19
438631,1418.441,117600000,Released,8.1,1745,2021-10-20
610253,2636.999,55800000,Released,7.6,469,2021-10-20
580489,8222.616,283000000,Released,7.0,835,2021-10-20
744275,891.224,19000000,Released,8.0,364,2021-10-20
669671,65.276,0,Released,7.0,4,2021-10-20
550988,3864.616,324000000,Released,7.8,2919,2021-10-20
633515,52.595,0,Released,7.3,76,2021-10-20
630240,40.145,3000000,Released,6.9,228,2021-10-20
738652,87.412,5400000,Released,6.2,42,2021-10-20
436969,1130.608,167381210,Released,7.8,4440,2021-10-20
831405,1523.567,0,Released,8.1,211,2021-10-20
645788,220.857,8115215,Released,6.8,271,2021-10-20
568620,2164.071,36964325,Released,6.9,686,2021-10-20
335983,3012.242,855013954,Released,6.8,11849,2021-10-20
385128,941.833,716000000,Released,7.4,4112,2021-10-20
617653,212.915,9000000,Released,7.7,153,2021-10-20
583081,57.516,0,Released,5.5,11,2021-10-20
452019,97.718,0,Released,6.1,7,2021-10-20
370172,504.287,447000000,Released,7.3,841,2021-10-20
631843,704.539,89500000,Released,6.7,1331,2021-10-20
438631,1985.817,129700000,Released,8.1,1811,2021-10-21
669671,91.386,0,Released,5.7,23,2021-10-21
744275,951.86,19000000,Released,8.0,378,2021-10-21
610253,3691.799,60000000,Released,7.6,511,2021-10-21
580489,7339.989,283000000,Released,7.0,902,2021-10-21
785516,38.235,0,Released,5.6,11,2021-10-21
550988,3278.457,324000000,Released,7.8,2963,2021-10-21
630240,56.203,3000000,Released,6.8,236,2021-10-21
831405,1354.652,0,Released,8.1,218,2021-10-21
633515,73.633,0,Released,7.3,87,2021-10-21
568620,1807.867,36964325,Released,6.9,698,2021-10-21
436969,1020.512,167381210,Released,7.8,4453,2021-10-21
385128,870.848,716000000,Released,7.4,4124,2021-10-21
738652,97.74,5400000,Released,6.2,46,2021-10-21
335983,2260.151,855013954,Released,6.8,11878,2021-10-21
645788,309.2,8115215,Released,6.8,273,2021-10-21
524434,327.22,0,Released,0.0,0,2021-10-21
631843,674.285,89500000,Released,6.7,1343,2021-10-21
583081,80.522,0,Released,5.5,11,2021-10-21
617653,187.635,9000000,Released,7.7,177,2021-10-21
438631,2780.144,129700000,Released,8.1,1894,2021-10-22
669671,127.94,0,Released,6.6,49,2021-10-22
744275,1163.098,19000000,Released,8.0,388,2021-10-22
610253,3809.567,64392933,Released,7.5,563,2021-10-22
580489,7272.955,283000000,Released,7.0,952,2021-10-22
785516,53.529,0,Released,6.2,14,2021-10-22
550988,3360.83,324000000,Released,7.8,2993,2021-10-22
630240,78.684,3000000,Released,6.8,241,2021-10-22
831405,1350.445,0,Released,8.1,228,2021-10-22
436969,1049.845,167381210,Released,7.8,4463,2021-10-22
583081,112.731,0,Released,5.5,11,2021-10-22
568620,1864.934,36964325,Released,6.9,704,2021-10-22
385128,906.099,716000000,Released,7.4,4133,2021-10-22
633515,103.086,0,Released,7.3,92,2021-10-22
524434,330.118,0,Released,0.0,0,2021-10-22
370172,464.905,452000000,Released,7.3,872,2021-10-22
631843,663.245,89500000,Released,6.7,1357,2021-10-22
335983,2142.138,855013954,Released,6.8,11892,2021-10-22
738652,82.039,5400000,Released,6.2,48,2021-10-22
645788,432.88,8115215,Released,6.8,275,2021-10-22
438631,3892.202,129700000,Released,8.1,2070,2021-10-23
744275,1274.877,19000000,Released,7.9,406,2021-10-23
669671,179.116,0,Released,6.8,86,2021-10-23
580489,7158.512,288000000,Released,7.0,1007,2021-10-23
610253,3654.224,64392933,Released,7.5,605,2021-10-23
550988,3300.333,324000000,Released,7.8,3017,2021-10-23
883648,37.888,0,Released,5.8,3,2021-10-23
785516,74.941,0,Released,6.3,22,2021-10-23
385128,883.467,716000000,Released,7.4,4143,2021-10-23
583081,157.823,0,Released,5.9,15,2021-10-23
436969,1014.343,167381210,Released,7.8,4475,2021-10-23
568620,1811.492,36964325,Released,6.9,707,2021-10-23
848519,42.092,0,Released,5.6,5,2021-10-23
335983,2083.036,855013954,Released,6.8,11909,2021-10-23
831405,1282.961,0,Released,8.1,241,2021-10-23
630240,110.158,3000000,Released,6.9,251,2021-10-23
537915,283.481,69497587,Released,7.2,6640,2021-10-23
631843,643.637,89500000,Released,6.7,1371,2021-10-23
633515,144.32,0,Released,7.3,99,2021-10-23
645788,606.032,8115215,Released,6.8,277,2021-10-23
438631,5449.083,147000000,Released,8.1,2257,2021-10-24
744275,1452.437,19000000,Released,7.9,424,2021-10-24
580489,7484.462,288329631,Released,7.0,1072,2021-10-24
669671,250.762,0,Released,7.0,118,2021-10-24
610253,3799.665,71000000,Released,7.4,653,2021-10-24
385128,997.594,716000000,Released,7.4,4149,2021-10-24
550988,3519.504,324000000,Released,7.8,3068,2021-10-24
436969,1101.364,167381210,Released,7.8,4494,2021-10-24
883648,53.043,0,Released,4.6,4,2021-10-24
568620,1845.224,36964325,Released,6.9,716,2021-10-24
537915,338.041,69497587,Released,7.2,6644,2021-10-24
583081,220.952,0,Released,6.2,16,2021-10-24
335983,2162.92,855013954,Released,6.8,11931,2021-10-24
785516,104.917,0,Released,6.0,40,2021-10-24
497698,805.265,378328978,Released,7.7,5622,2021-10-24
841,296.258,30925690,Released,6.3,1925,2021-10-24
631843,686.594,89500000,Released,6.7,1383,2021-10-24
851112,28.274,0,Released,6.0,1,2021-10-24
848519,58.929,0,Released,5.6,6,2021-10-24
831405,1261.199,0,Released,8.1,248,2021-10-24
438631,7628.716,220700000,Released,8.1,2436,2021-10-25
744275,1365.065,19000000,Released,7.8,438,2021-10-25
580489,7933.523,352000000,Released,7.0,1118,2021-10-25
610253,4242.611,90000000,Released,7.3,706,2021-10-25
669671,351.067,0,Released,7.2,151,2021-10-25
385128,1138.653,716000000,Released,7.4,4160,2021-10-25
550988,3841.377,324000000,Released,7.8,3096,2021-10-25
436969,1250.266,167381210,Released,7.8,4506,2021-10-25
335983,2479.153,855013954,Released,6.8,11949,2021-10-25
524434,388.225,0,Released,0.0,0,2021-10-25
537915,337.525,69497587,Released,7.2,6650,2021-10-25
883648,74.26,0,Released,4.1,5,2021-10-25
841,326.839,30925690,Released,6.3,1933,2021-10-25
497698,911.01,378328978,Released,7.7,5635,2021-10-25
568620,2158.182,36964325,Released,6.9,718,2021-10-25
583081,309.333,0,Released,6.1,19,2021-10-25
631843,811.885,89500000,Released,6.7,1398,2021-10-25
785516,146.884,0,Released,6.0,47,2021-10-25
370172,567.954,525000000,Released,7.3,940,2021-10-25
566525,1307.007,417000000,Released,7.8,1322,2021-10-25
438631,8870.667,223211174,Released,8.1,2577,2021-10-26
744275,1166.402,19000000,Released,7.8,451,2021-10-26
580489,6667.203,352000000,Released,7.0,1148,2021-10-26
610253,3298.711,90911845,Released,7.3,745,2021-10-26
669671,491.494,0,Released,7.2,167,2021-10-26
672582,23.03,0,Released,4.8,60,2021-10-26
385128,935.782,716000000,Released,7.4,4175,2021-10-26
524434,368.116,0,Released,0.0,0,2021-10-26
550988,3073.454,324000000,Released,7.8,3126,2021-10-26
436969,1069.449,167381210,Released,7.8,4515,2021-10-26
537915,297.448,69497587,Released,7.2,6654,2021-10-26
335983,2006.388,855013954,Released,6.8,11966,2021-10-26
568620,1755.473,36964325,Released,6.9,728,2021-10-26
497698,755.671,378328978,Released,7.7,5648,2021-10-26
583081,433.066,0,Released,5.9,22,2021-10-26
841,315.776,30925690,Released,6.3,1937,2021-10-26
883648,63.139,0,Released,4.1,5,2021-10-26
675445,756.672,121000000,Released,7.7,633,2021-10-26
370172,482.041,525000000,Released,7.4,958,2021-10-26
566525,1093.243,417000000,Released,7.8,1329,2021-10-26
438631,7858.899,223211174,Released,8.1,2660,2021-10-27
744275,1078.446,19000000,Released,7.7,461,2021-10-27
580489,6632.578,352000000,Released,6.9,1191,2021-10-27
610253,2838.805,90911845,Released,7.3,773,2021-10-27
672582,32.242,0,Released,5.2,65,2021-10-27
864873,31.214,0,Released,5.3,3,2021-10-27
385128,890.917,716000000,Released,7.4,4180,2021-10-27
669671,688.092,0,Released,7.2,183,2021-10-27
871964,26.089,0,Released,5.0,1,2021-10-27
550988,2778.412,324000000,Released,7.8,3148,2021-10-27
524434,364.842,0,Released,0.0,0,2021-10-27
436969,992.473,167381210,Released,7.8,4522,2021-10-27
537915,298.236,69497587,Released,7.2,6655,2021-10-27
749274,124.926,10900000,Released,6.7,209,2021-10-27
335983,1844.973,855013954,Released,6.8,11974,2021-10-27
482373,467.058,45000000,Released,7.7,1046,2021-10-27
370172,469.229,525000000,Released,7.4,971,2021-10-27
497698,737.618,378328978,Released,7.7,5662,2021-10-27
566525,1004.022,417000000,Released,7.8,1335,2021-10-27
631843,566.799,89500000,Released,6.7,1417,2021-10-27
438631,7317.173,223211174,Released,8.0,2763,2021-10-28
864873,43.7,0,Released,5.5,13,2021-10-28
871964,36.525,0,Released,5.1,6,2021-10-28
744275,1059.547,19000000,Released,7.7,470,2021-10-28
580489,6508.46,352000000,Released,6.9,1218,2021-10-28
610253,2463.016,90911845,Released,7.3,805,2021-10-28
796499,46.691,0,Released,6.8,4,2021-10-28
672582,45.139,0,Released,5.3,72,2021-10-28
550988,2465.953,324000000,Released,7.8,3169,2021-10-28
436969,931.275,167381210,Released,7.8,4536,2021-10-28
524434,380.908,0,Released,10.0,1,2021-10-28
385128,805.101,716000000,Released,7.4,4194,2021-10-28
631843,530.11,89500000,Released,6.7,1427,2021-10-28
669671,963.329,0,Released,7.1,193,2021-10-28
547565,101.84,14590542,Released,6.8,211,2021-10-28
763164,11.455,0,In Production,0.0,0,2021-10-28
749274,169.788,10900000,Released,6.7,212,2021-10-28
335983,1720.361,855013954,Released,6.8,11990,2021-10-28
482373,431.803,45000000,Released,7.7,1055,2021-10-28
497698,701.759,378328978,Released,7.7,5675,2021-10-28
438631,6245.254,223211174,Released,8.0,2822,2021-10-29
796499,65.367,0,Released,6.4,5,2021-10-29
864873,61.18,0,Released,5.8,36,2021-10-29
744275,982.157,19000000,Released,7.6,490,2021-10-29
871964,51.135,0,Released,5.6,12,2021-10-29
580489,5862.869,352000000,Released,6.9,1250,2021-10-29
609972,50.018,0,Released,4.7,6,2021-10-29
610253,2156.808,90911845,Released,7.2,827,2021-10-29
672582,63.195,0,Released,5.3,75,2021-10-29
788929,52.249,0,Released,6.6,18,2021-10-29
631843,516.855,89500000,Released,6.7,1433,2021-10-29
763164,16.037,0,Released,0.0,0,2021-10-29
436969,894.693,167381210,Released,7.8,4547,2021-10-29
524434,394.902,0,Released,9.3,3,2021-10-29
550988,2223.631,324000000,Released,7.8,3191,2021-10-29
749274,140.656,10900000,Released,6.7,213,2021-10-29
385128,762.965,716000000,Released,7.4,4206,2021-10-29
547565,88.803,14590542,Released,6.8,217,2021-10-29
675445,721.682,121000000,Released,7.7,637,2021-10-29
335983,1869.819,855013954,Released,6.8,11997,2021-10-29
796499,91.514,0,Released,6.9,39,2021-10-30
438631,5531.157,236071232,Released,8.0,2916,2021-10-30
864873,85.652,0,Released,5.7,56,2021-10-30
609972,70.025,0,Released,6.1,22,2021-10-30
744275,1026.843,19000000,Released,7.6,502,2021-10-30
580489,5783.658,352000000,Released,6.9,1299,2021-10-30
871964,71.589,0,Released,5.6,18,2021-10-30
610253,2058.099,90911845,Released,7.2,856,2021-10-30
788929,73.149,0,Released,6.6,24,2021-10-30
835961,40.557,0,Released,8.0,3,2021-10-30
631843,538.464,89500000,Released,6.7,1457,2021-10-30
672582,88.473,0,Released,5.3,81,2021-10-30
763164,22.452,0,In Production,0.0,0,2021-10-30
550988,2165.83,324000000,Released,7.8,3216,2021-10-30
524434,486.979,0,Released,9.4,7,2021-10-30
436969,856.054,167381210,Released,7.8,4558,2021-10-30
385128,754.129,716000000,Released,7.4,4216,2021-10-30
559907,76.664,18192220,Released,6.8,452,2021-10-30
675445,746.781,121000000,Released,7.7,641,2021-10-30
459151,922.742,112000000,Released,7.7,1551,2021-10-30
796499,128.12,0,Released,6.8,125,2021-10-31
438631,5774.184,241071232,Released,8.0,3015,2021-10-31
580489,6178.157,352000000,Released,6.9,1337,2021-10-31
864873,119.913,0,Released,5.8,70,2021-10-31
744275,1035.59,19000000,Released,7.5,523,2021-10-31
609972,98.035,0,Released,6.1,37,2021-10-31
610253,2280.624,90911845,Released,7.2,888,2021-10-31
788929,102.409,0,Released,6.4,28,2021-10-31
871964,100.225,0,Released,5.0,25,2021-10-31
550988,2505.007,324000000,Released,7.8,3249,2021-10-31
385128,870.116,716000000,Released,7.4,4223,2021-10-31
631843,602.804,89500000,Released,6.7,1473,2021-10-31
835961,56.78,0,Released,8.0,3,2021-10-31
524434,598.605,0,Released,8.0,11,2021-10-31
436969,963.206,167381210,Released,7.8,4568,2021-10-31
675445,826.143,121000000,Released,7.7,643,2021-10-31
763164,31.433,0,In Production,0.0,0,2021-10-31
672582,123.862,0,Released,5.4,84,2021-10-31
607430,17.916,0,Released,7.8,16,2021-10-31
335983,1659.551,855013954,Released,6.8,12018,2021-10-31
796499,179.368,0,Released,6.6,191,2021-11-01
438631,6013.479,296401232,Released,8.0,3099,2021-11-01
580489,6374.663,395841558,Released,6.9,1379,2021-11-01
744275,996.048,19000000,Released,7.4,542,2021-11-01
609972,137.249,0,Released,6.6,51,2021-11-01
610253,2891.041,115000000,Released,7.1,961,2021-11-01
864873,167.878,0,Released,6.0,100,2021-11-01
524434,595.509,0,Released,6.9,14,2021-11-01
788929,136.493,0,Released,6.4,37,2021-11-01
550988,2782.43,324000000,Released,7.8,3290,2021-11-01
607430,25.082,0,Released,7.5,12,2021-11-01
385128,978.965,721077945,Released,7.4,4238,2021-11-01
631843,680.503,89500000,Released,6.7,1493,2021-11-01
436969,1024.827,167381210,Released,7.8,4580,2021-11-01
871964,140.315,0,Released,4.8,33,2021-11-01
835961,59.761,0,Released,7.5,4,2021-11-01
335983,1773.698,855013954,Released,6.8,12035,2021-11-01
497698,760.708,378328978,Released,7.7,5715,2021-11-01
672582,173.407,0,Released,5.4,93,2021-11-01
675445,860.695,121000000,Released,7.7,647,2021-11-01
796499,251.115,0,Released,6.6,253,2021-11-02
438631,5694.564,296401232,Released,8.0,3172,2021-11-02
580489,6242.42,395841558,Released,6.9,1429,2021-11-02
744275,994.011,19000000,Released,7.3,561,2021-11-02
610253,2705.498,115000000,Released,7.1,997,2021-11-02
524434,687.4,0,Released,7.3,20,2021-11-02
609972,192.149,0,Released,6.6,59,2021-11-02
864873,235.029,0,Released,6.1,129,2021-11-02
550988,2638.991,324000000,Released,7.8,3313,2021-11-02
385128,977.253,721077945,Released,7.4,4245,2021-11-02
436969,1036.868,167381210,Released,7.8,4599,2021-11-02
607430,35.115,0,Released,7.1,16,2021-11-02
787723,58.716,0,Released,5.0,5,2021-11-02
631843,617.205,89500000,Released,6.7,1514,2021-11-02
335983,1646.97,855013954,Released,6.8,12051,2021-11-02
537915,281.039,69497587,Released,7.2,6672,2021-11-02
788929,129.163,0,Released,6.7,44,2021-11-02
601470,4.707,2200000,Released,6.4,7,2021-11-02
566525,1174.122,423000000,Released,7.7,1371,2021-11-02
579047,152.058,18717947,Released,7.1,828,2021-11-02
796499,351.561,0,Released,6.6,310,2021-11-03
438631,4893.62,299000000,Released,8.0,3236,2021-11-03
580489,6121.117,395841558,Released,6.9,1465,2021-11-03
618162,25.067,0,Released,6.4,5,2021-11-03
524434,962.36,0,Released,7.5,32,2021-11-03
744275,1035.901,19000000,Released,7.4,630,2021-11-03
601470,6.59,2200000,Released,6.5,10,2021-11-03
610253,2223.218,115000000,Released,7.1,1022,2021-11-03
609972,151.166,0,Released,6.7,69,2021-11-03
550988,2334.623,324000000,Released,7.8,3335,2021-11-03
385128,895.274,721077945,Released,7.4,4255,2021-11-03
607430,49.161,0,Released,7.3,19,2021-11-03
864873,329.041,0,Released,6.1,152,2021-11-03
436969,941.322,167381210,Released,7.8,4616,2021-11-03
335983,1568.261,855013954,Released,6.8,12064,2021-11-03
497698,737.405,378328978,Released,7.7,5740,2021-11-03
787723,74.374,0,Released,5.7,9,2021-11-03
631843,576.21,89500000,Released,6.7,1527,2021-11-03
537915,297.275,69497587,Released,7.2,6679,2021-11-03
763788,21.255,0,Released,0.0,0,2021-11-03
618162,35.094,0,Released,6.4,29,2021-11-04
438631,4002.42,301000000,Released,8.0,3287,2021-11-04
524434,1033.862,0,Released,7.3,99,2021-11-04
796499,492.185,0,Released,6.8,351,2021-11-04
580489,5385.757,395841558,Released,6.9,1490,2021-11-04
763788,29.757,0,Released,0.0,0,2021-11-04
601470,9.226,2200000,Released,6.5,10,2021-11-04
610253,1641.431,115000000,Released,7.1,1042,2021-11-04
744275,952.979,19000000,Released,7.4,658,2021-11-04
607430,68.825,0,Released,7.3,19,2021-11-04
609972,120.079,0,Released,6.8,72,2021-11-04
436969,845.688,167381210,Released,7.8,4626,2021-11-04
550988,2037.164,330000000,Released,7.8,3352,2021-11-04
763164,53.309,0,In Production,0.0,0,2021-11-04
385128,770.651,721077945,Released,7.4,4261,2021-11-04
335983,1312.954,855013954,Released,6.8,12070,2021-11-04
576845,116.457,6400000,Released,7.4,88,2021-11-04
864873,460.657,0,Released,6.1,166,2021-11-04
370172,448.538,605756260,Released,7.4,1100,2021-11-04
787723,83.894,0,Released,6.1,10,2021-11-04
522402,102.242,0,Released,7.3,7,2021-11-05
618162,49.132,0,Released,6.4,61,2021-11-05
524434,1447.407,0,Released,7.2,177,2021-11-05
438631,3726.282,301000000,Released,8.0,3331,2021-11-05
796499,689.059,0,Released,6.8,391,2021-11-05
763788,41.66,0,Released,4.3,3,2021-11-05
763164,74.633,0,In Production,0.0,0,2021-11-05
580489,5004.938,395841558,Released,6.8,1512,2021-11-05
734265,76.287,0,Released,6.0,11,2021-11-05
610253,1447.372,115000000,Released,7.0,1055,2021-11-05
617762,15.488,0,Released,5.3,2,2021-11-05
631843,452.134,89500000,Released,6.7,1540,2021-11-05
885110,34.769,0,Released,9.0,1,2021-11-05
601470,12.916,2200000,Released,6.0,12,2021-11-05
744275,823.387,19000000,Released,7.4,692,2021-11-05
747688,7.113,0,Released,6.0,4,2021-11-05
436969,817.341,167381210,Released,7.8,4635,2021-11-05
811592,37.454,0,Released,0.0,0,2021-11-05
550988,1962.294,330000000,Released,7.8,3365,2021-11-05
607430,96.355,0,Released,7.3,19,2021-11-05
522402,143.139,0,Released,7.6,83,2021-11-06
618162,68.785,0,Released,6.5,96,2021-11-06
524434,2026.37,19800000,Released,7.2,273,2021-11-06
734265,106.802,0,Released,5.9,40,2021-11-06
580489,5248.001,397942635,Released,6.9,1551,2021-11-06
438631,3605.654,301000000,Released,8.0,3375,2021-11-06
796499,964.683,0,Released,6.8,420,2021-11-06
763788,58.324,0,Released,4.7,9,2021-11-06
763164,104.486,0,In Production,0.0,0,2021-11-06
747688,9.958,0,Released,6.3,16,2021-11-06
617762,21.683,0,Released,6.2,6,2021-11-06
811592,52.436,0,Released,0.0,0,2021-11-06
631843,478.794,89500000,Released,6.7,1544,2021-11-06
610253,1375.976,118172075,Released,7.0,1075,2021-11-06
885110,48.677,0,Released,9.0,1,2021-11-06
436969,813.587,167381210,Released,7.8,4648,2021-11-06
744275,739.293,19000000,Released,7.4,711,2021-11-06
637649,481.239,103966489,Released,7.8,2572,2021-11-06
550988,2045.96,331066227,Released,7.8,3395,2021-11-06
601470,18.082,2200000,Released,6.1,13,2021-11-06
522402,200.395,0,Released,7.6,202,2021-11-07
524434,2836.918,69100000,Released,7.1,388,2021-11-07
580489,6093.846,399000000,Released,6.8,1616,2021-11-07
618162,96.299,0,Released,6.5,125,2021-11-07
438631,3805.604,304626162,Released,8.0,3477,2021-11-07
734265,149.523,0,Released,6.4,81,2021-11-07
796499,1350.556,0,Released,6.8,473,2021-11-07
763788,81.654,0,Released,5.2,16,2021-11-07
747688,13.941,0,Released,6.3,33,2021-11-07
763164,146.28,0,In Production,0.0,0,2021-11-07
617762,30.356,0,Released,7.0,12,2021-11-07
631843,540.141,89500000,Released,6.7,1565,2021-11-07
811592,73.41,0,Released,3.8,3,2021-11-07
436969,914.722,167381210,Released,7.8,4664,2021-11-07
610253,1477.282,118172075,Released,7.0,1098,2021-11-07
637649,609.23,103966489,Released,7.8,2580,2021-11-07
550988,2212.708,331066227,Released,7.8,3426,2021-11-07
497698,696.884,378328978,Released,7.7,5783,2021-11-07
885110,68.148,0,Released,5.5,2,2021-11-07
601470,25.315,2404127,Released,6.1,14,2021-11-07
522402,280.553,0,Released,8.1,379,2021-11-08
524434,3786.236,161700000,Released,7.1,510,2021-11-08
580489,6526.86,424000000,Released,6.8,1675,2021-11-08
438631,4080.34,330000000,Released,8.0,3563,2021-11-08
618162,134.819,0,Released,6.6,160,2021-11-08
734265,209.332,0,Released,6.5,126,2021-11-08
634649,324.376,0,Post Production,0.0,0,2021-11-08
796499,1890.778,0,Released,6.9,509,2021-11-08
763788,114.316,0,Released,5.4,20,2021-11-08
747688,19.517,0,Released,6.1,50,2021-11-08
631843,621.642,89500000,Released,6.7,1579,2021-11-08
762469,49.623,0,Released,6.0,4,2021-11-08
617762,42.498,0,Released,7.0,18,2021-11-08
763164,204.792,0,In Production,0.0,0,2021-11-08
436969,1010.69,167381210,Released,7.8,4681,2021-11-08
610253,1653.046,118852075,Released,7.0,1114,2021-11-08
811592,86.481,0,Released,4.8,6,2021-11-08
497698,798.384,378328978,Released,7.7,5802,2021-11-08
550988,2455.617,331096766,Released,7.8,3461,2021-11-08
566525,1275.766,427480601,Released,7.7,1406,2021-11-08
370172,431.61,667000000,Released,7.4,1171,2021-11-09
522402,392.774,0,Released,8.1,479,2021-11-09
524434,3658.663,161397524,Released,7.1,577,2021-11-09
580489,5806.65,424000000,Released,6.8,1719,2021-11-09
438631,3311.244,331116356,Released,8.0,3606,2021-11-09
618162,188.747,0,Released,6.6,184,2021-11-09
634649,440.384,0,Post Production,0.0,0,2021-11-09
734265,293.065,0,Released,6.6,150,2021-11-09
762469,69.472,0,Released,6.1,10,2021-11-09
796499,2555.277,0,Released,6.9,540,2021-11-09
763164,286.709,0,Released,5.3,47,2021-11-09
763788,90.454,0,Released,5.4,20,2021-11-09
617762,59.497,0,Released,7.1,21,2021-11-09
747688,27.324,0,Released,6.2,56,2021-11-09
631843,500.115,89500000,Released,6.7,1591,2021-11-09
436969,845.785,167381210,Released,7.8,4687,2021-11-09
566525,1167.738,427480601,Released,7.7,1412,2021-11-09
497698,683.258,378328978,Released,7.7,5816,2021-11-09
610253,1288.832,118852075,Released,7.0,1127,2021-11-09
877013,8.656,0,Released,0.0,0,2021-11-09
